,Espírito,Deus,Jeová,Jerusalém,Senhor,Jesus,Egito
genesis.txt,0.000296103,0.006721544,0,0,0.007017648,0,0.002279995
exodo.txt,0.000174417,0.004674364,0.0004186,0,0.014057976,0,0.004151115
mateus.txt,0.000797806,0.002543007,0,0.000648217,0.00398903,0.009174769,0.000199452
marcos.txt,0.001519514,0.004078695,0,0.000879718,0.001519514,0.010556622,0
leviticus.txt,0,0.002499519,0,0,0.015045184,0,0.000480677
miqueias.txt,0.001079914,0.004679626,0,0.00287977,0.01511879,0,0.001439885
