,Espírito,Deus,Jeová,Jerusalém,Senhor,Jesus,Egito
genesis.txt,2.34458E-05,0,0,0,0,0,0.000180533
exodo.txt,1.38105E-05,0,0.000325734,0,0,0,0.00032869
mateus.txt,6.31713E-05,0,0,0.000195133,0,0.004377477,1.57928E-05
marcos.txt,0.000120317,0,0,0.000264822,0,0.005036789,0
leviticus.txt,0,0,0,0,0,0,3.80606E-05
miqueias.txt,8.55089E-05,0,0,0.000866897,0,0,0.000114012
